title,link,sheet
3D Wallpaper,https://www.facebook.com/reel/936050912126901,Aminul
Angle,https://www.facebook.com/reel/25776306575330442,Aminul
Angle Machine,https://www.facebook.com/reel/1833951537310813,Aminul
Backrest Repair,https://www.facebook.com/reel/1430852225256045,Aminul
Balfour Wood-Kerosin,https://www.facebook.com/reel/2130414554397816,Aminul
Balfour Wood-Kerosin,https://www.facebook.com/reel/743945381872164,Aminul
Bed,https://www.facebook.com/reel/1368777901602518,Aminul
"Bed 24"" Luxury",https://www.facebook.com/reel/1242940817975551,Aminul
Bed Design,https://www.facebook.com/reel/681886198347554,Aminul
Bed Frame,https://www.facebook.com/reel/2444288016087837,Aminul
Bed Frame,https://www.facebook.com/reel/1405150594642501,Aminul
Bed Header,https://www.facebook.com/reel/1370603441034675,Aminul
Bed Metal Luxury,https://www.facebook.com/reel/1277158850921027,Aminul
Bed Royal Bed,https://www.facebook.com/reel/2187918451953729,Aminul
Bed set,https://www.facebook.com/reel/899464453019470,Aminul
Bed with Arc Angle,https://www.facebook.com/reel/4193075910953191,Aminul
Bedroom Set,https://www.facebook.com/reel/896450916620625,Aminul
Bending Chamber,https://www.facebook.com/reel/1601154390925050,Aminul
Board-Surface,https://www.facebook.com/reel/1667381921098622,Aminul
Bracket L,https://www.facebook.com/reel/932229032678318,Aminul
Car Delivey from Port,https://www.facebook.com/reel/1721071245519958,Aminul
Carpenter Project,https://www.facebook.com/reel/1229305729315424,Aminul
Chair,https://www.facebook.com/reel/1223571329271073,Aminul
Chair,https://www.facebook.com/reel/25699496819718427,Aminul
Chair Binding,https://www.facebook.com/reel/1402038174640984,Aminul
Chair Design,https://www.facebook.com/reel/1772663067455052,Aminul
Chair Design,https://www.facebook.com/reel/1623979598913363,Aminul
Chair Fabricating,https://www.facebook.com/reel/883293714597663,Aminul
Chair Merhandizing,https://www.facebook.com/reel/4058290287801358,Aminul
"Chair- Venice chair, classic and refined design. Chair Factory!",https://www.facebook.com/reel/1495606761727808,Aminul
Connector for Furniture,https://www.facebook.com/reel/900147675836307,Aminul
Connector for Timber,https://www.facebook.com/reel/1416682213019276,Aminul
Connectors for woodworking,https://www.facebook.com/reel/2995495650633807,Aminul
Contour Profile Gauge,https://www.facebook.com/reel/3374727689360465,Aminul
Cotton Fibre Openning Machine,https://www.facebook.com/reel/1263447122348781,Aminul
Cotton filling,https://www.facebook.com/reel/767670022432154,Aminul
Cotton filling,https://www.facebook.com/reel/1619584659222067,Aminul
Cover for furniture,https://www.facebook.com/reel/1461820672139518,Aminul
Cream Coating,https://www.facebook.com/reel/1573087730478196,Aminul
Digital Mini Batal,https://www.facebook.com/reel/2098839887569762,Aminul
Door Design Interior,https://www.facebook.com/reel/1314598837134833,Aminul
Door Secured,https://www.facebook.com/reel/928372572877771,Aminul
Epoxy Floor,https://www.facebook.com/reel/1876493546572647,Aminul
Epoxy Floor,https://www.facebook.com/reel/1236358761719961,Aminul
Epoxy Floor,https://www.facebook.com/reel/1554621812422462,Aminul
Epoxy Resin,https://www.facebook.com/reel/1680187082970260,Aminul
Fabric,https://www.facebook.com/reel/2362788790825504,Aminul
Fabric Swing,https://www.facebook.com/reel/1500161627719337,Aminul
Fabric Swing,https://www.facebook.com/reel/1393765168788625,Aminul
Fibre Glass Plane Sheet,https://www.facebook.com/reel/1414950990125283,Aminul
Foam,https://www.facebook.com/reel/1750633465911571,Aminul
Foam Setup,https://www.facebook.com/reel/1556363178812926,Aminul
Foam staple design,https://www.facebook.com/reel/2089939468455909,Aminul
Foam staple design,https://www.facebook.com/reel/3423312297818643,Aminul
Foam Swing,https://www.facebook.com/reel/891007743887873,Aminul
Folding Machine,https://www.facebook.com/reel/1833951537310813,Aminul
Folding Machine,https://www.facebook.com/reel/821426384248820,Aminul
Furniture Coating,https://www.facebook.com/reel/1836523820235370,Aminul
Furniture Color,https://www.facebook.com/reel/1318959346261316,Aminul
Generator,https://www.facebook.com/reel/1412691836907179,Aminul
Generator,https://www.facebook.com/reel/906401531971856,Aminul
Header,https://www.facebook.com/reel/539791155628606,Aminul
Header Design,https://www.facebook.com/reel/1387283959708732,Aminul
Ladder Telescope,https://www.facebook.com/reel/668439089658670,Aminul
Laser Cutting Steel,https://www.facebook.com/reel/950295077427417,Aminul
Lift-Cargo Lift,https://www.facebook.com/reel/1417823233691980,Aminul
Lightning safety,https://www.facebook.com/reel/1904405473782806,Aminul
Luxury Rock Slab,https://www.facebook.com/reel/755476937125208,Aminul
Machine-All Type Jaii Machine India,https://www.facebook.com/reel/912534431375967,Aminul
Machine-Printer Furnirue Conveyor Belt,https://www.facebook.com/reel/961087133538233,Aminul
Machine-Printer Furnirue Conveyor Belt,https://www.facebook.com/reel/1510914120645360,Aminul
Machine-Sewing,https://www.facebook.com/reel/1419855396041366,Aminul
Mattress Medium Firm – The Perfect Balance of Comfort & Support,https://www.facebook.com/reel/912929828007508,Aminul
Mattress-Mim Matrress,https://www.facebook.com/reel/864302359701115,Aminul
Measurement Tools,https://www.facebook.com/reel/1658773298616363,Aminul
"Mechanism Smooth Opening & Closing
Strong & Long-Lasting Hardware",https://www.facebook.com/reel/1257230886573612,Aminul
Milling machine cordless,https://www.facebook.com/reel/2381114152351744,Aminul
Modern Furniture,https://www.facebook.com/reel/817911580657271,Aminul
Net (ফোকজালিনেট),https://www.facebook.com/reel/1403559947708003,Aminul
Net Farm Safety,https://www.facebook.com/reel/1268211511862556,Aminul
Package-House Furniture Full,https://www.facebook.com/reel/854567490870703,Aminul
Panel Sandwich,https://www.facebook.com/reel/875982435294329,Aminul
Pipe Bending,https://www.facebook.com/reel/1601839997935622,Aminul
Polish for Wood,https://www.facebook.com/reel/1322604716575121,Aminul
PVC Film,https://www.facebook.com/reel/1385851069457404,Aminul
Sanding Machine Automatic,https://www.facebook.com/reel/2073447306745472,Aminul
Side Border for Room,https://www.facebook.com/reel/1554372379190297,Aminul
Side Border Gypsum,https://www.facebook.com/reel/1816340575718499,Aminul
Sofa,https://www.facebook.com/reel/911086828064318,Aminul
Sofa Butterfly,https://www.facebook.com/reel/1398029501707412,Aminul
Sofa cum Bed,https://www.facebook.com/reel/1246025310954630,Aminul
Sofa cum Bed,https://www.facebook.com/reel/2056323568245361,Aminul
Sofa cum Bed,https://www.facebook.com/reel/25733248016335084,Aminul
Sofa Design,https://www.facebook.com/reel/2094282867810071,Aminul
Sofa Elephant,https://www.facebook.com/reel/3928987717402859,Aminul
Solar Light 200w,https://www.facebook.com/reel/1223693063003138,Aminul
Stair Folding,https://www.facebook.com/reel/785823097871411,Aminul
Stand (for Plant),https://www.facebook.com/reel/2435698500235232,Aminul
Staple,https://www.facebook.com/reel/897308169719007,Aminul
Stapler for Cover,https://www.facebook.com/reel/1588077689185353,Aminul
Stone Coating,https://www.facebook.com/reel/894699783046379,Aminul
Stone Coating,https://www.facebook.com/reel/1838518270135999,Aminul
Stone Coating,https://www.facebook.com/reel/2995495650633807,Aminul
Swing for Bag,https://www.facebook.com/reel/2418744631890068,Aminul
Swing Machine,https://www.facebook.com/reel/1439402901036052,Aminul
Tapered Router Bit used for high-precision kerf bending.,https://www.facebook.com/reel/1600144061174800,Aminul
Tiles Clear,https://www.facebook.com/reel/1546161303502836,Aminul
Tiles Cutting,https://www.facebook.com/reel/889743557040454,Aminul
Timber,https://www.facebook.com/reel/25210016578676265,Aminul
Timber ( BalFour ),https://www.facebook.com/reel/1409278017569987,Aminul
Tube Light Chip,https://www.facebook.com/reel/789824484175208,Aminul
Varnish,https://www.facebook.com/reel/931907176072294,Aminul
Varnish,https://www.facebook.com/reel/1458433532363702,Aminul
Varnish Wood,https://www.facebook.com/reel/915588564190939,Aminul
Wall Damp Solution,https://www.facebook.com/reel/894699783046379,Aminul
Wall mount tv panel design,https://www.facebook.com/reel/851388427893914,Aminul
Wallboards Minimal,https://www.facebook.com/reel/892805816877238,Aminul
Wood Grain Film,https://www.facebook.com/reel/1666302098063103,Aminul
Wood Join,https://www.facebook.com/reel/863667430056890,Aminul
Wood Work,https://www.facebook.com/reel/3717238091746016,Aminul
Wooden Cover,https://www.facebook.com/reel/1382854290196102,Aminul
Wooden Design,https://www.facebook.com/reel/914055557688211,Aminul
Wraoing Paper Furniture,https://www.facebook.com/reel/935902095794948,Aminul
Yogurt and Cheese Machine,https://www.facebook.com/reel/900279796070780,Aminul
Feed Fish,https://www.facebook.com/reel/1215720510442779,Javed
Mattress,https://www.facebook.com/reel/918714777385360,Javed
Tangra Fish,https://www.facebook.com/reel/1226394189470100,Javed
